training_error,validation_error,testing_error,nNodes
0.59375,0.75,0.8,0
0.265625,0.25,0.3,1
0.15625,0.1875,0.15,2
0.09375,0.25,0.15,3
0.078125,0.3125,0.2,4
0.078125,0.3125,0.2,5
0.078125,0.3125,0.2,6
0.078125,0.3125,0.2,7
0.078125,0.3125,0.2,8
0.0625,0.3125,0.2,9
0.046875,0.3125,0.2,10
0.03125,0.3125,0.15,11
0.03125,0.3125,0.15,12
0.03125,0.3125,0.15,13
0.03125,0.3125,0.15,14
0.03125,0.375,0.15,15
0.015625,0.375,0.15,16
0.015625,0.375,0.15,17
