training_error,validation_error,testing_error,nNodes
0.625,0.625,0.8,0
0.234375,0.375,0.3,1
0.109375,0.3125,0.25,2
0.078125,0.375,0.2,3
0.0625,0.375,0.2,4
0.0625,0.4375,0.25,5
0.046875,0.4375,0.25,6
0.046875,0.4375,0.25,7
0.03125,0.4375,0.2,8
0.015625,0.4375,0.2,9
0.015625,0.4375,0.2,10
0.015625,0.4375,0.2,11
0.015625,0.4375,0.2,12
0.015625,0.4375,0.2,13
0.015625,0.4375,0.2,14
0.015625,0.4375,0.2,15
