training_error,validation_error,testing_error,nNodes
0.625,0.625,0.8,0
0.265625,0.25,0.3,1
0.109375,0.3125,0.25,2
0.078125,0.3125,0.3,3
0.078125,0.3125,0.3,4
0.078125,0.3125,0.25,5
0.078125,0.3125,0.25,6
0.078125,0.3125,0.25,7
0.046875,0.3125,0.25,8
0.03125,0.3125,0.25,9
0.015625,0.3125,0.25,10
0.0,0.3125,0.25,11
