training_error,validation_error,testing_error,nNodes
0.59375,0.75,0.8,0
0.21875,0.4375,0.3,1
0.125,0.375,0.2,2
0.125,0.375,0.2,3
0.125,0.375,0.2,4
0.09375,0.3125,0.2,5
0.09375,0.3125,0.2,6
0.09375,0.3125,0.2,7
0.0625,0.25,0.2,8
0.046875,0.25,0.2,9
0.046875,0.25,0.2,10
0.03125,0.25,0.2,11
0.03125,0.3125,0.2,12
0.03125,0.3125,0.2,13
0.015625,0.3125,0.2,14
0.015625,0.3125,0.2,15
0.015625,0.3125,0.2,16
0.015625,0.3125,0.2,17
0.015625,0.375,0.2,18
