training_error,validation_error,testing_error,nNodes
0.640625,0.5625,0.8,0
0.265625,0.25,0.3,1
0.140625,0.1875,0.25,2
0.125,0.1875,0.2,3
0.109375,0.1875,0.2,4
0.09375,0.1875,0.2,5
0.0625,0.125,0.2,6
0.0625,0.125,0.2,7
0.0625,0.125,0.2,8
0.0625,0.1875,0.2,9
0.0625,0.1875,0.2,10
0.046875,0.1875,0.2,11
0.03125,0.1875,0.2,12
0.015625,0.1875,0.2,13
0.015625,0.1875,0.2,14
0.015625,0.1875,0.2,15
0.015625,0.1875,0.2,16
0.015625,0.1875,0.2,17
0.015625,0.1875,0.2,18
