training_error,validation_error,testing_error,nNodes
0.609375,0.6875,0.8,0
0.28125,0.1875,0.3,1
0.140625,0.1875,0.25,2
0.125,0.125,0.3,3
0.109375,0.25,0.3,4
0.109375,0.3125,0.35,5
0.109375,0.3125,0.35,6
0.09375,0.375,0.3,7
0.09375,0.375,0.3,8
0.078125,0.375,0.25,9
0.0625,0.375,0.2,10
0.0625,0.3125,0.25,11
0.0625,0.3125,0.25,12
0.046875,0.3125,0.25,13
0.03125,0.3125,0.25,14
0.015625,0.3125,0.25,15
0.015625,0.3125,0.25,16
0.0,0.375,0.25,17
0.015625,0.3125,0.25,16
